"Parameter","mean","median","se","se_JK","var","loglik_1comp","AIC_1comp","convergance_2comp","mu1","mu2","sigma1","sigma2","lambda1","lambda2","loglik_2comp","AIC_2comp","tstat","tstat_pval","ci_lower_JK","ci_upper_JK","bimod"
"h2X",0.0553344649875967,0.0553767298769205,0.000291896989106309,0.00411771375858211,8.52038522493286e-08,1344.53546653535,-2685.0709330707,TRUE,0.05507537,0.05538133,0.0006159688,0.0001309095,0.1531882,0.8468118,1414.723,-2821.446,-0.485862089982256,0.62706494843784,0.0472637460207758,0.0634051839544176,"FALSE"
"h2Y",0.0544357013075031,0.0545969354831335,0.00091060826783745,0.0128457104152838,8.29207417453922e-07,1116.99309865255,-2229.98619730511,TRUE,0.05222428,0.05457229,0.0022976911,0.0004787842,0.05817103,0.94182897,1200.877,-2393.754,-1.0004112943101,0.317111506430997,0.0292581088935469,0.0796132937214594,"FALSE"
"tX",0.000872827519394198,0.000673424492322899,0.000807192759483247,0.0113868551427281,6.51560150962179e-07,1141.10315931778,-2278.20631863556,TRUE,0.0004813387,0.0015810201,0.0003357581,0.0009156117,0.6439967,0.3560033,1179.999,-2351.998,-1.12760955176145,0.259484850973101,-0.0214454085603529,0.0231910635991413,"FALSE"
"tY",0.00671243186209743,0.00618584304251501,0.00714718561090964,0.100823460410769,5.10822621567938e-05,704.920871664828,-1405.84174332966,TRUE,0.006462449,0.013990468,0.004787558,0.028434313,0.96679344,0.03320656,757.1367,-1506.2734,-0.261076411438958,0.794033581953012,-0.19090155054301,0.204326414267205,"FALSE"
"axy",-0.150513748989684,-0.151031196541317,0.0102210600850617,0.144185796052266,0.000104470069262441,633.374542154047,-1262.74908430809,TRUE,-0.1327603,-0.1511008,0.046710603,0.004946482,0.03200934,0.96799066,744.6865,-1481.373,0.390457845076478,0.696198021164655,-0.433117909252127,0.132090411272758,"FALSE"
"ayx",0.276573468506732,0.276689239109104,0.00549180282680661,0.0774714125301436,3.0159898288521e-05,757.613286264092,-1511.22657252818,TRUE,0.2767302,0.272219,0.00370724,0.02149934,0.96525382,0.03474618,807.4012,-1606.8024,0.206778061210184,0.836183190481713,0.12472949994765,0.428417437065813,"FALSE"
"iXY",-0.000849145071410819,-0.000786826471517329,0.000971442797949147,0.0137038870700165,9.43701109687267e-07,1104.05918174441,-2204.11836348883,TRUE,-0.001384717,-0.000823132,0.0036018064,0.0005829825,0.04632121,0.95367879,1167.997,-2327.994,-0.153914495862797,0.877677154255788,-0.0277087637286432,0.0260104735858216,"FALSE"
