"","h2X","h2Y","tX","tY","axy","ayx","iXY"
"h2X",8.52038522493286e-08,1.24554783237921e-08,-2.48310742254738e-09,2.87346142451608e-07,-4.06066214050631e-07,-8.32361586644535e-07,1.09055670138455e-07
"h2Y",1.24554783237921e-08,8.29207417453922e-07,-3.02276099344438e-07,-1.89619715757856e-06,-3.13828677975814e-06,6.51996827117111e-07,-3.59668814875366e-08
"tX",-2.48310742254738e-09,-3.02276099344438e-07,6.51560150962179e-07,1.04022542426444e-06,-1.44441834019939e-07,-3.83998949220317e-07,9.8200997151468e-08
"tY",2.87346142451608e-07,-1.89619715757856e-06,1.04022542426444e-06,5.10822621567938e-05,1.42912778454541e-05,-1.22258464706441e-05,3.00700830077478e-07
"axy",-4.06066214050631e-07,-3.13828677975814e-06,-1.44441834019939e-07,1.42912778454541e-05,0.000104470069262441,-1.46446819670761e-05,-7.08192896057155e-06
"ayx",-8.32361586644535e-07,6.51996827117111e-07,-3.83998949220317e-07,-1.22258464706441e-05,-1.46446819670761e-05,3.0159898288521e-05,-1.52215400780127e-06
"iXY",1.09055670138455e-07,-3.59668814875366e-08,9.8200997151468e-08,3.00700830077478e-07,-7.08192896057155e-06,-1.52215400780127e-06,9.43701109687267e-07
