"Trait","mLL","piX","h2X","iX","conv"
"Snoring",-1166096.50340706,-0.000581257051838159,0.0596090289577832,1.12006599163145,0
"AD",-800777.819932263,0.075674309650663,0.0551560627932651,1.04130228486834,0
