id.exposure,id.outcome,outcome,exposure,method,Q,Q_df,Q_pval
mTP4v5,bg2TZk,SnoringBMIadj,AD,MR Egger,38.92486236370302,28,0.08213903630287844
mTP4v5,bg2TZk,SnoringBMIadj,AD,Inverse variance weighted,45.297377472635674,29,0.027524020032243687
mTP4v5,jbpcgr,Snoring,AD,MR Egger,25.002889848254455,28,0.6276780447817111
mTP4v5,jbpcgr,Snoring,AD,Inverse variance weighted,32.89441004480831,29,0.28201834245658547
TW76wp,bg2TZk,SnoringBMIadj,BMI,MR Egger,201.4682133917411,65,7.01482295748475e-16
TW76wp,bg2TZk,SnoringBMIadj,BMI,Inverse variance weighted,235.8026902611319,66,6.312788821689594e-21
TW76wp,jbpcgr,Snoring,BMI,MR Egger,160.79857670907114,63,1.6897007123954303e-10
TW76wp,jbpcgr,Snoring,BMI,Inverse variance weighted,196.0009352990541,64,2.5957974903767507e-15
