Exposure,Outcome,method,b,se,p
AD,Snoring,MRMV-IVW,0.00217781823159592,0.00434692280148303,0.616369518779969
BMI,Snoring,MRMV-IVW,0.0514625013342856,0.00931522115482947,3.30311708206884e-8
AD,Snoring,MRMV-Egger,0.00355793780493237,0.00562333878062154,0.526923604598957
BMI,Snoring,MRMV-Egger,0.0506376117307279,0.00939017764125771,6.94396737180556e-8
AD,Snoring,MRMV-WME,4.20747754448195e-4,0.00386059077469722,0.913214127037775
BMI,Snoring,MRMV-WME,0.0423436277819097,0.0102033289452386,3.32501944948438e-5
AD,Snoring,MRMV_WBE,0.00263207050720071,NA,0.166250715247688
BMI,Snoring,MRMV_WBE,0.019599001205755,NA,2.13595325584572e-4
