Exposure,Outcome,method,b,se,p
BMI,Snoring,MRMV-IVW,0.0514625013342856,0.00931522115482946,3.30311708206887e-8
AD,Snoring,MRMV-IVW,0.00217781823159592,0.00434692280148303,0.616369518779969
BMI,Snoring,MRMV-Egger,0.0146971937332028,0.0193540197698815,0.447621003674197
AD,Snoring,MRMV-Egger,0.00395005411870131,0.00433455494223356,0.362140461777708
BMI,Snoring,MRMV-WME,0.0423436277819097,0.0102040031530806,3.32900484385766e-5
AD,Snoring,MRMV-WME,4.20747754448195e-4,0.00379842158180054,0.91179944614432
BMI,Snoring,MRMV_WBE,0.00456277489771928,0.0135013404430058,0.735401040659726
AD,Snoring,MRMV_WBE,0.008885704735067,0.00589273986863123,0.131578285752531
