exposure,outcome,f
BMI,Snoring,45.367266628317495
AD,Snoring,13.20129926279466
