exposure,outcome,Qstat,Qpval
AD | BMI,Snoring,252.08026622440102,6.044782139993311e-19
