id.exposure,id.outcome,outcome,exposure,method,Q,Q_df,Q_pval
5EWRaH,pvjE15,AD,SnoringBMIadj,MR Egger,13.086965931878957,24,0.964665605862044
5EWRaH,pvjE15,AD,SnoringBMIadj,Inverse variance weighted,17.210382291691367,25,0.874021822784916
fM1Jjx,pvjE15,AD,Snoring,MR Egger,37.72635780345825,29,0.12854267800678465
fM1Jjx,pvjE15,AD,Snoring,Inverse variance weighted,40.55546661225903,30,0.0945463454876381
SEc4H6,pvjE15,AD,SAsnoring,MR Egger,27.11117811315544,27,0.45780872883507495
SEc4H6,pvjE15,AD,SAsnoring,Inverse variance weighted,27.919810738925044,28,0.4687031758619344
