id.exposure,id.outcome,outcome,exposure,egger_intercept,se,pval
5EWRaH,pvjE15,AD,SnoringBMIadj,-0.03503355660839123,0.017252642941854756,0.053514366346496686
fM1Jjx,pvjE15,AD,Snoring,-0.0254698048255409,0.017271268359041646,0.1510698422498488
SEc4H6,pvjE15,AD,SAsnoring,0.007624026370696487,0.008495737260861185,0.3774411623972578
