id.exposure,id.outcome,outcome,exposure,method,nsnp,b,se,pval
mTMw0Z,Nzj3AZ,AD,snoring,Inverse variance weighted (fixed effects),30,0.09380446734004706,0.39832245731828425,0.8138215972135259
mTMw0Z,Nzj3AZ,AD,snoring,MR Egger,30,3.055447501470085,2.5017613143938875,0.2321496169040155
mTMw0Z,Nzj3AZ,AD,snoring,Weighted median,30,0.21960168240106942,0.5835436007537397,0.7066757583154357
mTMw0Z,Nzj3AZ,AD,snoring,Weighted mode,30,-0.054657677651638537,1.040204481133334,0.9584546285823508
u6ODat,83qogx,AD,SAsnoring,Inverse variance weighted (fixed effects),29,0.05239093366713649,0.12305789870386764,0.6702957489751843
u6ODat,83qogx,AD,SAsnoring,MR Egger,29,-0.23621119776841087,0.3444303214438455,0.4986845288464554
u6ODat,83qogx,AD,SAsnoring,Weighted median,29,-0.02093980308585053,0.18553488047584377,0.9101401112181668
u6ODat,83qogx,AD,SAsnoring,Weighted mode,29,-0.27041900303059485,0.29444594324079715,0.36625381880556795
